{
  "measured_latency_us": {
    "cache_key": {
      "n": 20000,
      "mean_us": 51.03983500000061,
      "mean_ci_lo": 50.61308637500106,
      "mean_ci_hi": 51.505883125000146,
      "p50_us": 46.19999999999891,
      "p95_us": 72.7999999999156,
      "p99_us": 130.29999999980873,
      "min_us": 37.10000000000946,
      "max_us": 1549.199999999928
    },
    "deterministic_provider": {
      "n": 20000,
      "mean_us": 18.648285000000687,
      "mean_ci_lo": 18.047681750001097,
      "mean_ci_hi": 19.269888875000724,
      "p50_us": 14.300000000048385,
      "p95_us": 28.799999999989723,
      "p99_us": 68.29999999990889,
      "min_us": 7.100000000036744,
      "max_us": 1399.8999999998887
    }
  },
  "modelled_cost": {
    "hosted_call_usd": 0.05,
    "cache_hit_usd": 0.0,
    "example_10M_per_day_at_80pct_hit_usd": 100000.0,
    "example_10M_per_day_at_0pct_hit_usd": 500000.0
  }
}